{
  "created_at": "2026-06-09T10:50:01.898687+00:00",
  "records": [
    "runs/freegpu-triviaqa1000-Qwen_Qwen2.5-0.5B-Instruct-answermean/records_answer_mean.jsonl"
  ],
  "out_dir": "runs/freegpu-triviaqa1000-Qwen_Qwen2.5-0.5B-Instruct-answermean/ablation_analysis_weighted",
  "split_mode": "record",
  "bins": 10,
  "weighted": true,
  "results": [
    {
      "hidden_state_method": "answer_mean",
      "hidden_state_layer": "-1",
      "n_records": 1000,
      "n_train": 650,
      "n_validation": 150,
      "n_test": 200,
      "positive_rate_all": 0.145,
      "positive_rate_test": 0.185,
      "test_has_two_classes": true,
      "split_mode": "record",
      "weighted": true,
      "calibration_split": "validation",
      "feature_count": 896,
      "p_greater_than_n_train": true,
      "signals": {
        "raw_generation_confidence": {
          "accuracy_at_0_5": 0.565,
          "ece": 0.35402789054176914,
          "mce": 0.5201313618499708,
          "brier": 0.2545761122742079,
          "wrong_conf_ge_0_8": 9,
          "wrong_conf_ge_0_9": 3,
          "auc": 0.7655446857900846
        },
        "raw_temperature_scaled_confidence": {
          "accuracy_at_0_5": 0.565,
          "ece": 0.34724167616785734,
          "mce": 0.420339439850067,
          "brier": 0.24501940157103752,
          "wrong_conf_ge_0_8": 3,
          "wrong_conf_ge_0_9": 0,
          "auc": 0.7655446857900846
        },
        "raw_platt_confidence": {
          "accuracy_at_0_5": 0.695,
          "ece": 0.26980020613325456,
          "mce": 0.4023839561099272,
          "brier": 0.19955549545604356,
          "wrong_conf_ge_0_8": 1,
          "wrong_conf_ge_0_9": 0,
          "auc": 0.7655446857900846
        },
        "raw_isotonic_confidence": {
          "accuracy_at_0_5": 0.795,
          "ece": 0.2388297043044546,
          "mce": 0.7950310559006212,
          "brier": 0.1885853614920993,
          "wrong_conf_ge_0_8": 5,
          "wrong_conf_ge_0_9": 0,
          "auc": 0.7385176587630575
        },
        "raw_platt_conservative_confidence": {
          "accuracy_at_0_5": 0.695,
          "ece": 0.26927433437771553,
          "mce": 0.4023839561099272,
          "brier": 0.19949516172634296,
          "wrong_conf_ge_0_8": 1,
          "wrong_conf_ge_0_9": 0,
          "auc": 0.7655446857900846
        },
        "raw_isotonic_conservative_confidence": {
          "accuracy_at_0_5": 0.795,
          "ece": 0.2384779803294627,
          "mce": 0.7950310559006212,
          "brier": 0.18818412843459914,
          "wrong_conf_ge_0_8": 5,
          "wrong_conf_ge_0_9": 0,
          "auc": 0.7398441386171447
        },
        "hidden_only_probe_confidence": {
          "accuracy_at_0_5": 0.815,
          "ece": 0.1536514982671639,
          "mce": 0.5709936456264694,
          "brier": 0.16341830020204115,
          "wrong_conf_ge_0_8": 12,
          "wrong_conf_ge_0_9": 9,
          "auc": 0.776653954568065
        },
        "hidden_conservative_confidence": {
          "accuracy_at_0_5": 0.85,
          "ece": 0.10973977972096166,
          "mce": 0.34002112160575304,
          "brier": 0.13119979384427038,
          "wrong_conf_ge_0_8": 1,
          "wrong_conf_ge_0_9": 0,
          "auc": 0.7917426629083071
        },
        "raw_plus_hidden_confidence": {
          "accuracy_at_0_5": 0.81,
          "ece": 0.13696468284441934,
          "mce": 0.5178426082173774,
          "brier": 0.15235163351099268,
          "wrong_conf_ge_0_8": 9,
          "wrong_conf_ge_0_9": 8,
          "auc": 0.8031835516498094
        },
        "raw_plus_hidden_conservative_confidence": {
          "accuracy_at_0_5": 0.845,
          "ece": 0.09617398666479232,
          "mce": 0.3338065124208922,
          "brier": 0.1243080458840843,
          "wrong_conf_ge_0_8": 1,
          "wrong_conf_ge_0_9": 0,
          "auc": 0.815453490300116
        },
        "probe_score_plus_raw_confidence": {
          "accuracy_at_0_5": 0.805,
          "ece": 0.13619225004763177,
          "mce": 0.5984883488308943,
          "brier": 0.15866942571730905,
          "wrong_conf_ge_0_8": 10,
          "wrong_conf_ge_0_9": 8,
          "auc": 0.7832863538385011
        }
      },
      "probe_models": {
        "hidden_only": {
          "type": "sklearn.linear_model.LogisticRegression",
          "C": 1.0,
          "class_weight": "balanced",
          "solver": "lbfgs",
          "max_iter": 1000
        },
        "raw_plus_hidden": {
          "type": "sklearn.linear_model.LogisticRegression",
          "C": 1.0,
          "class_weight": "balanced",
          "solver": "lbfgs",
          "max_iter": 1000
        },
        "probe_score_plus_raw": {
          "type": "sklearn.linear_model.LogisticRegression",
          "C": 1.0,
          "class_weight": "balanced",
          "solver": "lbfgs",
          "max_iter": 1000
        }
      }
    }
  ],
  "errors": [],
  "claim_boundary": "Ablation diagnostics for TCL-v0 only. These do not validate full TCL."
}