bin,low,high,count,accuracy,confidence,gap
0,0.0,0.1,0,,,
1,0.1,0.2,0,,,
2,0.2,0.30000000000000004,0,,,
3,0.30000000000000004,0.4,0,,,
4,0.4,0.5,0,,,
5,0.5,0.6000000000000001,0,,,
6,0.6000000000000001,0.7000000000000001,2,0.5,0.6744079176048119,0.1744079176048119
7,0.7000000000000001,0.8,2,0.0,0.725177552155259,0.725177552155259
8,0.8,0.9,6,0.8333333333333334,0.8502383249242582,0.016904991590924845
9,0.9,1.0,10,0.8,0.9608978585073371,0.16089785850733707
