bin,low,high,count,accuracy,confidence,gap
0,0.0,0.1,5,0.2,0.012245010106989538,0.18775498989301048
1,0.1,0.2,0,,,
2,0.2,0.30000000000000004,1,1.0,0.25223219262044294,0.7477678073795571
3,0.30000000000000004,0.4,0,,,
4,0.4,0.5,0,,,
5,0.5,0.6000000000000001,0,,,
6,0.6000000000000001,0.7000000000000001,0,,,
7,0.7000000000000001,0.8,0,,,
8,0.8,0.9,0,,,
9,0.9,1.0,14,0.8571428571428571,0.9923408075336176,0.13519795039076055
