bin,low,high,count,accuracy,confidence,gap
0,0.0,0.1,6,0.3333333333333333,0.01596597865275228,0.317367354680581
1,0.1,0.2,0,,,
2,0.2,0.30000000000000004,0,,,
3,0.30000000000000004,0.4,0,,,
4,0.4,0.5,0,,,
5,0.5,0.6000000000000001,0,,,
6,0.6000000000000001,0.7000000000000001,0,,,
7,0.7000000000000001,0.8,1,0.0,0.7994283813290902,0.7994283813290902
8,0.8,0.9,0,,,
9,0.9,1.0,13,0.9230769230769231,0.9892944844247323,0.0662175613478092
