bin,low,high,count,accuracy,confidence,gap
0,0.0,0.1,0,,,
1,0.1,0.2,0,,,
2,0.2,0.30000000000000004,0,,,
3,0.30000000000000004,0.4,0,,,
4,0.4,0.5,1,0.0,0.479317041940428,0.479317041940428
5,0.5,0.6000000000000001,2,1.0,0.5352936618502964,0.46470633814970363
6,0.6000000000000001,0.7000000000000001,3,1.0,0.6211113708160744,0.37888862918392563
7,0.7000000000000001,0.8,0,,,
8,0.8,0.9,1,1.0,0.8093425522043054,0.1906574477956946
9,0.9,1.0,0,,,
