bin,low,high,count,accuracy,confidence,gap
0,0.0,0.1,0,,,
1,0.1,0.2,0,,,
2,0.2,0.3,0,,,
3,0.3,0.4,0,,,
4,0.4,0.5,0,,,
5,0.5,0.6,0,,,
6,0.6,0.7,3,0.3333333333333333,0.6546099210622672,0.3212765877289339
7,0.7,0.8,1,1.0,0.7104094695528942,0.2895905304471058
8,0.8,0.9,16,0.875,0.8605153606433539,0.014484639356646123
9,0.9,1.0,180,0.9833333333333333,0.9697354667821221,0.013597866551211202
