bin,low,high,count,accuracy,confidence,gap
0,0.0,0.1,0,,,
1,0.1,0.2,0,,,
2,0.2,0.3,0,,,
3,0.3,0.4,0,,,
4,0.4,0.5,0,,,
5,0.5,0.6,1,0.0,0.5942554673176884,0.5942554673176884
6,0.6,0.7,3,0.6666666666666666,0.670760675439439,0.0040940087727723284
7,0.7,0.8,2,0.5,0.7919723548010378,0.2919723548010378
8,0.8,0.9,24,0.9583333333333334,0.8616893840486548,0.09664394928467857
9,0.9,1.0,170,0.9823529411764705,0.9792328552369007,0.0031200859395698055
