bin,low,high,count,accuracy,confidence,gap
0,0.0,0.1,0,,,
1,0.1,0.2,0,,,
2,0.2,0.30000000000000004,0,,,
3,0.30000000000000004,0.4,0,,,
4,0.4,0.5,0,,,
5,0.5,0.6000000000000001,1,1.0,0.5552960929578338,0.4447039070421662
6,0.6000000000000001,0.7000000000000001,0,,,
7,0.7000000000000001,0.8,1,1.0,0.7585350872550876,0.24146491274491244
8,0.8,0.9,3,1.0,0.8601011405124267,0.1398988594875733
9,0.9,1.0,30,0.9,0.9874968785596906,0.08749687855969057
