bin,lower,upper,count,accuracy,confidence,gap
0,0.0,0.1,95,0.0,0.003857824583471771,0.003857824583471771
1,0.1,0.2,3,0.3333333333333333,0.1605871160751944,0.1727462172581389
2,0.2,0.3,0,,,
3,0.3,0.4,1,0.0,0.3904957355161603,0.3904957355161603
4,0.4,0.5,0,,,
5,0.5,0.6,0,,,
6,0.6,0.7,1,1.0,0.6365278978507185,0.3634721021492815
7,0.7,0.8,0,,,
8,0.8,0.9,0,,,
9,0.9,1.0,0,,,
