bin,lower,upper,count,accuracy,confidence,gap
0,0.0,0.1,83,0.0,0.005839499092684194,0.005839499092684194
1,0.1,0.2,5,0.0,0.1358995300110201,0.1358995300110201
2,0.2,0.3,1,0.0,0.2316622248836028,0.2316622248836028
3,0.3,0.4,0,,,
4,0.4,0.5,1,0.0,0.4942507917203855,0.4942507917203855
5,0.5,0.6,3,0.0,0.5333942632377388,0.5333942632377388
6,0.6,0.7,0,,,
7,0.7,0.8,2,0.0,0.7712494494472382,0.7712494494472382
8,0.8,0.9,0,,,
9,0.9,1.0,5,0.4,0.97001612263156,0.57001612263156
