bin,low,high,count,accuracy,confidence,gap
0,0.0,0.1,0,,,
1,0.1,0.2,0,,,
2,0.2,0.3,0,,,
3,0.3,0.4,0,,,
4,0.4,0.5,0,,,
5,0.5,0.6,4,0.0,0.5462500975188566,0.5462500975188566
6,0.6,0.7,30,0.13333333333333333,0.652154964088379,0.5188216307550457
7,0.7,0.8,48,0.125,0.7603173619765483,0.6353173619765483
8,0.8,0.9,84,0.32142857142857145,0.846930952320948,0.5255023808923764
9,0.9,1.0,34,0.4411764705882353,0.9381832130870966,0.49700674249886134
