bin,low,high,count,accuracy,confidence,gap
0,0.0,0.1,0,,,
1,0.1,0.2,0,,,
2,0.2,0.3,0,,,
3,0.3,0.4,0,,,
4,0.4,0.5,0,,,
5,0.5,0.6,199,0.2562814070351759,0.5381023654562443,0.28182095842106847
6,0.6,0.7,1,1.0,0.6296785704503441,0.37032142954965586
7,0.7,0.8,0,,,
8,0.8,0.9,0,,,
9,0.9,1.0,0,,,
