bin,low,high,count,accuracy,confidence,gap
0,0.0,0.1,6,0.0,0.0,0.0
1,0.1,0.2,0,,,
2,0.2,0.3,21,0.047619047619047616,0.26174496644295303,0.21412591882390541
3,0.3,0.4,40,0.125,0.3828892005610097,0.2578892005610097
4,0.4,0.5,86,0.3023255813953488,0.4893350062735255,0.18700942487817668
5,0.5,0.6,0,,,
6,0.6,0.7,25,0.28,0.6117647058823528,0.33176470588235274
7,0.7,0.8,19,0.5789473684210527,0.7267080745341615,0.14776070611310888
8,0.8,0.9,0,,,
9,0.9,1.0,3,0.6666666666666666,1.0,0.33333333333333337
