bin,low,high,count,accuracy,confidence,gap
0,0.0,0.1,0,,,
1,0.1,0.2,0,,,
2,0.2,0.3,1,0.0,0.2843588942542617,0.2843588942542617
3,0.3,0.4,29,0.034482758620689655,0.37033546956420926,0.3358527109435196
4,0.4,0.5,64,0.140625,0.4619249477833139,0.3212999477833139
5,0.5,0.6,98,0.3673469387755102,0.5419735024195697,0.17462656364405943
6,0.6,0.7,8,0.75,0.6137966597592672,0.13620334024073277
7,0.7,0.8,0,,,
8,0.8,0.9,0,,,
9,0.9,1.0,0,,,
