bin,low,high,count,accuracy,confidence,gap
0,0.0,0.1,0,,,
1,0.1,0.2,0,,,
2,0.2,0.30000000000000004,0,,,
3,0.30000000000000004,0.4,0,,,
4,0.4,0.5,0,,,
5,0.5,0.6000000000000001,0,,,
6,0.6000000000000001,0.7000000000000001,1,1.0,0.6821010384365855,0.31789896156341446
7,0.7000000000000001,0.8,15,0.6,0.7696692013065171,0.16966920130651708
8,0.8,0.9,83,0.6506024096385542,0.856946791039958,0.20634438140140376
9,0.9,1.0,101,0.6534653465346535,0.9485762928646447,0.29511094632999124
