bin,low,high,count,accuracy,confidence,gap
0,0.0,0.1,0,,,
1,0.1,0.2,0,,,
2,0.2,0.30000000000000004,0,,,
3,0.30000000000000004,0.4,0,,,
4,0.4,0.5,0,,,
5,0.5,0.6000000000000001,0,,,
6,0.6000000000000001,0.7000000000000001,3,0.0,0.6546099210622672,0.6546099210622672
7,0.7000000000000001,0.8,1,1.0,0.7104094695528942,0.2895905304471058
8,0.8,0.9,16,0.5625,0.8605153606433539,0.2980153606433539
9,0.9,1.0,180,0.9777777777777777,0.981350271757287,0.003572493979509206
