bin,lower,upper,count,accuracy,confidence,gap
0,0.0,0.1,0,,,
1,0.1,0.2,0,,,
2,0.2,0.3,0,,,
3,0.3,0.4,2,0.0,0.38939504559667193,0.38939504559667193
4,0.4,0.5,56,0.03571428571428571,0.45861167888401333,0.42289739316972763
5,0.5,0.6,40,0.05,0.5426990047748543,0.49269900477485434
6,0.6,0.7,2,0.0,0.606279477777173,0.606279477777173
7,0.7,0.8,0,,,
8,0.8,0.9,0,,,
9,0.9,1.0,0,,,
