{
  "created_at": "2026-06-09T10:50:31.677014+00:00",
  "records": [
    "runs/freegpu-squad1000-_kaggle_input_models_google_gemma_transformers_2b-it_3-answermean/records_answer_mean.jsonl"
  ],
  "out_dir": "runs/freegpu-squad1000-_kaggle_input_models_google_gemma_transformers_2b-it_3-answermean/ablation_analysis_unweighted",
  "split_mode": "record",
  "bins": 10,
  "weighted": false,
  "results": [
    {
      "hidden_state_method": "answer_mean",
      "hidden_state_layer": "-1",
      "n_records": 1000,
      "n_train": 650,
      "n_validation": 150,
      "n_test": 200,
      "positive_rate_all": 0.647,
      "positive_rate_test": 0.65,
      "test_has_two_classes": true,
      "split_mode": "record",
      "weighted": false,
      "calibration_split": "validation",
      "feature_count": 2048,
      "p_greater_than_n_train": true,
      "signals": {
        "raw_generation_confidence": {
          "accuracy_at_0_5": 0.65,
          "ece": 0.24897863108403392,
          "mce": 0.31789896156341446,
          "brier": 0.2909880753764364,
          "wrong_conf_ge_0_8": 64,
          "wrong_conf_ge_0_9": 35,
          "auc": 0.5125274725274725
        },
        "raw_temperature_scaled_confidence": {
          "accuracy_at_0_5": 0.65,
          "ece": 0.01798923282351493,
          "mce": 0.31642650228056657,
          "brier": 0.22833024543798866,
          "wrong_conf_ge_0_8": 1,
          "wrong_conf_ge_0_9": 0,
          "auc": 0.5125274725274725
        },
        "raw_platt_confidence": {
          "accuracy_at_0_5": 0.65,
          "ece": 0.01566246229386059,
          "mce": 0.40568221469327115,
          "brier": 0.22769123639426275,
          "wrong_conf_ge_0_8": 0,
          "wrong_conf_ge_0_9": 0,
          "auc": 0.5125274725274725
        },
        "raw_isotonic_confidence": {
          "accuracy_at_0_5": 0.64,
          "ece": 0.0606538461538462,
          "mce": 1.0,
          "brier": 0.24108909551986474,
          "wrong_conf_ge_0_8": 7,
          "wrong_conf_ge_0_9": 5,
          "auc": 0.5312637362637362
        },
        "raw_platt_conservative_confidence": {
          "accuracy_at_0_5": 0.65,
          "ece": 0.01566246229386059,
          "mce": 0.40568221469327115,
          "brier": 0.22769123639426275,
          "wrong_conf_ge_0_8": 0,
          "wrong_conf_ge_0_9": 0,
          "auc": 0.5125274725274725
        },
        "raw_isotonic_conservative_confidence": {
          "accuracy_at_0_5": 0.64,
          "ece": 0.05946390988108387,
          "mce": 1.0,
          "brier": 0.24057981046341362,
          "wrong_conf_ge_0_8": 7,
          "wrong_conf_ge_0_9": 5,
          "auc": 0.5304945054945055
        },
        "hidden_only_probe_confidence": {
          "accuracy_at_0_5": 0.835,
          "ece": 0.1309193818363956,
          "mce": 0.8474115614663809,
          "brier": 0.132759141146059,
          "wrong_conf_ge_0_8": 15,
          "wrong_conf_ge_0_9": 12,
          "auc": 0.9023076923076923
        },
        "hidden_conservative_confidence": {
          "accuracy_at_0_5": 0.835,
          "ece": 0.0991828238490457,
          "mce": 0.8474115614663809,
          "brier": 0.12820518454388447,
          "wrong_conf_ge_0_8": 12,
          "wrong_conf_ge_0_9": 6,
          "auc": 0.8763736263736264
        },
        "raw_plus_hidden_confidence": {
          "accuracy_at_0_5": 0.835,
          "ece": 0.12401746401815023,
          "mce": 0.844265499966216,
          "brier": 0.13146811023106283,
          "wrong_conf_ge_0_8": 14,
          "wrong_conf_ge_0_9": 12,
          "auc": 0.9027472527472528
        },
        "raw_plus_hidden_conservative_confidence": {
          "accuracy_at_0_5": 0.835,
          "ece": 0.0925942720542378,
          "mce": 0.844265499966216,
          "brier": 0.12761071062642404,
          "wrong_conf_ge_0_8": 12,
          "wrong_conf_ge_0_9": 6,
          "auc": 0.8762637362637362
        },
        "probe_score_plus_raw_confidence": {
          "accuracy_at_0_5": 0.845,
          "ece": 0.12311476510308031,
          "mce": 0.7608621235209131,
          "brier": 0.12217802442312348,
          "wrong_conf_ge_0_8": 13,
          "wrong_conf_ge_0_9": 12,
          "auc": 0.9023076923076923
        }
      },
      "probe_models": {
        "hidden_only": {
          "type": "sklearn.linear_model.LogisticRegression",
          "C": 1.0,
          "class_weight": null,
          "solver": "lbfgs",
          "max_iter": 1000
        },
        "raw_plus_hidden": {
          "type": "sklearn.linear_model.LogisticRegression",
          "C": 1.0,
          "class_weight": null,
          "solver": "lbfgs",
          "max_iter": 1000
        },
        "probe_score_plus_raw": {
          "type": "sklearn.linear_model.LogisticRegression",
          "C": 1.0,
          "class_weight": null,
          "solver": "lbfgs",
          "max_iter": 1000
        }
      }
    }
  ],
  "errors": [],
  "claim_boundary": "Ablation diagnostics for TCL-v0 only. These do not validate full TCL."
}