bin,low,high,count,accuracy,confidence,gap
0,0.0,0.1,0,,,
1,0.1,0.2,0,,,
2,0.2,0.3,0,,,
3,0.3,0.4,0,,,
4,0.4,0.5,0,,,
5,0.5,0.6,38,0.631578947368421,0.5835410224906916,0.0480379248777294
6,0.6,0.7,138,0.6376811594202898,0.6413852763908418,0.0037041169705519517
7,0.7,0.8,22,0.8181818181818182,0.7441643512340015,0.07401746694781675
8,0.8,0.9,2,1.0,0.8164265022805666,0.18357349771943343
9,0.9,1.0,0,,,
