bin,low,high,count,accuracy,confidence,gap
0,0.0,0.1,2,1.0,0.0,1.0
1,0.1,0.2,0,,,
2,0.2,0.3,0,,,
3,0.3,0.4,0,,,
4,0.4,0.5,0,,,
5,0.5,0.6,3,0.3333333333333333,0.5,0.16666666666666669
6,0.6,0.7,163,0.6257668711656442,0.6096271826333176,0.016139688532326613
7,0.7,0.8,4,1.0,0.75,0.25
8,0.8,0.9,7,0.7142857142857143,0.8571428571428571,0.1428571428571428
9,0.9,1.0,21,0.8571428571428571,1.0,0.1428571428571429
