bin,low,high,count,accuracy,confidence,gap
0,0.0,0.1,0,,,
1,0.1,0.2,0,,,
2,0.2,0.3,0,,,
3,0.3,0.4,0,,,
4,0.4,0.5,55,0.9272727272727272,0.49312926156012155,0.4341434657126057
5,0.5,0.6,145,0.9793103448275862,0.5025971363733202,0.476713208454266
6,0.6,0.7,0,,,
7,0.7,0.8,0,,,
8,0.8,0.9,0,,,
9,0.9,1.0,0,,,
