bin,low,high,count,accuracy,confidence,gap
0,0.0,0.1,0,,,
1,0.1,0.2,0,,,
2,0.2,0.3,0,,,
3,0.3,0.4,0,,,
4,0.4,0.5,0,,,
5,0.5,0.6,106,0.9528301886792453,0.5616223415446238,0.39120784713462153
6,0.6,0.7,81,0.9876543209876543,0.6487447677061434,0.33890955328151084
7,0.7,0.8,13,0.9230769230769231,0.7184790791501381,0.20459784392678504
8,0.8,0.9,0,,,
9,0.9,1.0,0,,,
