bin,low,high,count,accuracy,confidence,gap
0,0.0,0.1,0,,,
1,0.1,0.2,0,,,
2,0.2,0.3,102,0.9509803921568627,0.29807692307692296,0.6529034690799398
3,0.3,0.4,0,,,
4,0.4,0.5,0,,,
5,0.5,0.6,0,,,
6,0.6,0.7,0,,,
7,0.7,0.8,0,,,
8,0.8,0.9,0,,,
9,0.9,1.0,98,0.9795918367346939,1.0,0.020408163265306145
