{
  "n_test": 200,
  "auto_positive_count": 37,
  "reviewed_positive_count": 39,
  "manually_reviewed_count": 130,
  "label_changes": 2,
  "signals": {
    "raw_generation_confidence": {
      "accuracy_at_0_5": 0.555,
      "ece": 0.34402788554176916,
      "mce": 0.5201313618499708,
      "brier": 0.25536560673369874,
      "wrong_conf_ge_0_8": 9,
      "wrong_conf_ge_0_9": 3,
      "auc": 0.747093486223921
    },
    "tcl_v0_probe_confidence": {
      "accuracy_at_0_5": 0.825,
      "ece": 0.1436514982526594,
      "mce": 0.5043269789465844,
      "brier": 0.15544199775804748,
      "wrong_conf_ge_0_8": 10,
      "wrong_conf_ge_0_9": 8,
      "auc": 0.7935977066411849
    },
    "tcl_v0_conservative_confidence": {
      "accuracy_at_0_5": 0.84,
      "ece": 0.09973978470490615,
      "mce": 0.29875088724566246,
      "brier": 0.13198928831014192,
      "wrong_conf_ge_0_8": 1,
      "wrong_conf_ge_0_9": 0,
      "auc": 0.8049052396878483
    },
    "tcl_v0_calibrated_confidence": {
      "accuracy_at_0_5": 0.72,
      "ece": 0.26145251325559893,
      "mce": 0.3656600218040337,
      "brier": 0.19918614540656743,
      "wrong_conf_ge_0_8": 2,
      "wrong_conf_ge_0_9": 0,
      "auc": 0.7935977066411849
    }
  },
  "claim_boundary": "These are reviewed-label test metrics for TCL-v0 diagnostics only; they do not validate full TCL."
}