bin,low,high,count,accuracy,confidence,gap
0,0.0,0.1,0,,,
1,0.1,0.2,0,,,
2,0.2,0.3,0,,,
3,0.3,0.4,0,,,
4,0.4,0.5,3,0.3333333333333333,0.47124584090120347,0.13791250756787016
5,0.5,0.6,89,0.6629213483146067,0.5603969373253345,0.10252441098927223
6,0.6,0.7,79,0.759493670886076,0.6375794296888688,0.12191424119720717
7,0.7,0.8,27,0.9629629629629629,0.7351103145926983,0.22785264837026464
8,0.8,0.9,2,1.0,0.802215427507645,0.19778457249235504
9,0.9,1.0,0,,,
