signal,accuracy_at_0_5,ece,mce,brier,wrong_conf_ge_0_8,wrong_conf_ge_0_9,auc
raw_generation_confidence,0.965,0.009210628035142825,0.3212765877289339,0.029360529394794034,5,3,0.7054034048852702
raw_temperature_scaled_confidence,0.965,0.3578973879156023,0.39120784713462153,0.16300886050946117,0,0,0.7057735011102887
raw_platt_confidence,0.73,0.4650065292003094,0.476713208454266,0.24926805677135852,0,0,0.7057735011102887
raw_isotonic_confidence,0.505,0.3429807692307693,0.6529034690799398,0.25117880917159774,2,2,0.6058475203552923
raw_platt_conservative_confidence,0.73,0.4650065292003094,0.476713208454266,0.24926805677135852,0,0,0.7057735011102887
raw_isotonic_conservative_confidence,0.505,0.3423671612689275,0.6529034690799398,0.25117283799644596,2,2,0.57920059215396
tcl_v0_probe_confidence,0.94,0.050047865954214454,0.9480647042288749,0.051370239620043036,6,5,0.7490747594374537
tcl_v0_conservative_confidence,0.94,0.040488235736664976,0.9480647042288749,0.04643921703906897,4,2,0.8068097705403405
tcl_v0_calibrated_confidence,0.65,0.39779852194673904,0.9152151529816814,0.21633003085275426,0,0,0.7490747594374537
