bin,low,high,count,accuracy,confidence,gap
0,0.0,0.1,95,0.0,0.0038578245834717706,0.0038578245834717706
1,0.1,0.2,3,0.0,0.1605871160751944,0.1605871160751944
2,0.2,0.30000000000000004,0,,,
3,0.30000000000000004,0.4,1,0.0,0.3904957355161603,0.3904957355161603
4,0.4,0.5,0,,,
5,0.5,0.6000000000000001,0,,,
6,0.6000000000000001,0.7000000000000001,0,,,
7,0.7000000000000001,0.8,0,,,
8,0.8,0.9,0,,,
9,0.9,1.0,1,1.0,0.9287573275070136,0.07124267249298644
