{
  "hidden_state_method": "answer_mean",
  "analysis_timestamp": "2026-06-04T10:29:53.034002+00:00",
  "n_records": 500,
  "n_train": 325,
  "n_validation": 75,
  "n_test": 100,
  "split_mode": "record",
  "calibration_status": "fitted_on_validation_scores",
  "positive_rate_all": 0.092,
  "raw_generation_confidence": {
    "accuracy_at_0_5": 0.49,
    "ece": 0.4418909972906381,
    "mce": 0.9212325016657511,
    "brier": 0.2923975358176393,
    "wrong_conf_ge_0_8": 6,
    "wrong_conf_ge_0_9": 3,
    "auc": 0.5951086956521738
  },
  "tcl_v0_probe_confidence": {
    "accuracy_at_0_5": 0.92,
    "ece": 0.07138615076165147,
    "mce": 0.8544917545804791,
    "brier": 0.0675591872776905,
    "wrong_conf_ge_0_8": 4,
    "wrong_conf_ge_0_9": 2,
    "auc": 0.9415760869565217
  },
  "tcl_v0_conservative_confidence": {
    "accuracy_at_0_5": 0.94,
    "ece": 0.04932497046232981,
    "mce": 0.34036043185396925,
    "brier": 0.04782966334771813,
    "wrong_conf_ge_0_8": 0,
    "wrong_conf_ge_0_9": 0,
    "auc": 0.9456521739130435
  },
  "tcl_v0_calibrated_confidence": {
    "accuracy_at_0_5": 0.86,
    "ece": 0.17630537778679473,
    "mce": 0.7577042766968821,
    "brier": 0.10682948151183572,
    "wrong_conf_ge_0_8": 6,
    "wrong_conf_ge_0_9": 4,
    "auc": 0.9415760869565217
  }
}