{
  "n_test": 200,
  "auto_positive_count": 186,
  "reviewed_positive_count": 193,
  "manually_reviewed_count": 17,
  "label_changes": 7,
  "signals": {
    "raw_generation_confidence": {
      "accuracy_at_0_5": 0.965,
      "ece": 0.009210628035142825,
      "mce": 0.3212765877289339,
      "brier": 0.029360529394794034,
      "wrong_conf_ge_0_8": 5,
      "wrong_conf_ge_0_9": 3,
      "auc": 0.7054034048852702
    },
    "tcl_v0_probe_confidence": {
      "accuracy_at_0_5": 0.94,
      "ece": 0.050047865954214454,
      "mce": 0.9480647042288749,
      "brier": 0.051370239620043036,
      "wrong_conf_ge_0_8": 6,
      "wrong_conf_ge_0_9": 5,
      "auc": 0.7490747594374537
    },
    "tcl_v0_conservative_confidence": {
      "accuracy_at_0_5": 0.94,
      "ece": 0.040488235736664976,
      "mce": 0.9480647042288749,
      "brier": 0.04643921703906897,
      "wrong_conf_ge_0_8": 4,
      "wrong_conf_ge_0_9": 2,
      "auc": 0.8068097705403405
    },
    "tcl_v0_calibrated_confidence": {
      "accuracy_at_0_5": 0.65,
      "ece": 0.39779852194673904,
      "mce": 0.9152151529816814,
      "brier": 0.21633003085275426,
      "wrong_conf_ge_0_8": 0,
      "wrong_conf_ge_0_9": 0,
      "auc": 0.7490747594374537
    }
  },
  "claim_boundary": "These are reviewed-label test metrics for TCL-v0 diagnostics only; they do not validate full TCL."
}