bin,low,high,count,accuracy,confidence,gap
0,0.0,0.1,27,0.037037037037037035,0.0707070707070707,0.03367003367003367
1,0.1,0.2,40,0.125,0.14893617021276595,0.02393617021276595
2,0.2,0.3,86,0.3023255813953488,0.2127659574468085,0.0895596239485403
3,0.3,0.4,25,0.28,0.3076923076923077,0.027692307692307683
4,0.4,0.5,19,0.5789473684210527,0.42857142857142855,0.1503759398496241
5,0.5,0.6,0,,,
6,0.6,0.7,0,,,
7,0.7,0.8,0,,,
8,0.8,0.9,0,,,
9,0.9,1.0,3,0.6666666666666666,1.0,0.33333333333333337
