bin,low,high,count,accuracy,confidence,gap
0,0.0,0.1,0,,,
1,0.1,0.2,56,0.08928571428571429,0.16951984537389927,0.08023413108818499
2,0.2,0.3,143,0.32167832167832167,0.2406332767987288,0.08104504487959285
3,0.3,0.4,1,1.0,0.30740962021145707,0.6925903797885429
4,0.4,0.5,0,,,
5,0.5,0.6,0,,,
6,0.6,0.7,0,,,
7,0.7,0.8,0,,,
8,0.8,0.9,0,,,
9,0.9,1.0,0,,,
