bin,low,high,count,accuracy,confidence,gap
0,0.0,0.1,79,0.05063291139240506,0.06826903222370645,0.017636120831301387
1,0.1,0.2,79,0.22784810126582278,0.1399964602450609,0.08785164102076187
2,0.2,0.3,24,0.25,0.24029643064524206,0.00970356935475794
3,0.3,0.4,10,0.4,0.3526552908484105,0.047344709151589504
4,0.4,0.5,8,0.875,0.4256817732244995,0.4493182267755005
5,0.5,0.6,0,,,
6,0.6,0.7,0,,,
7,0.7,0.8,0,,,
8,0.8,0.9,0,,,
9,0.9,1.0,0,,,
