bin,low,high,count,accuracy,confidence,gap
0,0.0,0.1,89,0.10112359550561797,0.05859233417905038,0.04253126132656759
1,0.1,0.2,91,0.1978021978021978,0.14599686028257455,0.05180533751962324
2,0.2,0.3,2,0.5,0.25,0.25
3,0.3,0.4,0,,,
4,0.4,0.5,2,0.0,0.4,0.4
5,0.5,0.6,0,,,
6,0.6,0.7,16,0.6875,0.6,0.08750000000000002
7,0.7,0.8,0,,,
8,0.8,0.9,0,,,
9,0.9,1.0,0,,,
