bin,low,high,count,accuracy,confidence,gap
0,0.0,0.1,0,,,
1,0.1,0.2,1,0.0,0.18022253892104778,0.18022253892104778
2,0.2,0.3,0,,,
3,0.3,0.4,0,,,
4,0.4,0.5,89,0.10112359550561797,0.48548243750622333,0.3843588420006053
5,0.5,0.6,107,0.2523364485981308,0.5224382535208915,0.27010180492276065
6,0.6,0.7,3,1.0,0.6238871084066435,0.3761128915933565
7,0.7,0.8,0,,,
8,0.8,0.9,0,,,
9,0.9,1.0,0,,,
