bin,low,high,count,accuracy,confidence,gap
0,0.0,0.1,0,,,
1,0.1,0.2,0,,,
2,0.2,0.30000000000000004,0,,,
3,0.30000000000000004,0.4,0,,,
4,0.4,0.5,53,0.05660377358490566,0.47261291961974966,0.416009146034844
5,0.5,0.6000000000000001,46,0.41304347826086957,0.5306075437001189,0.1175640654392493
6,0.6000000000000001,0.7000000000000001,1,1.0,0.6009407412697669,0.39905925873023307
7,0.7000000000000001,0.8,0,,,
8,0.8,0.9,0,,,
9,0.9,1.0,0,,,
