bin,low,high,count,accuracy,confidence,gap
0,0.0,0.1,19,0.05263157894736842,0.0032767729342861943,0.049354806013082224
1,0.1,0.2,1,0.0,0.16446586627188853,0.16446586627188853
2,0.2,0.30000000000000004,0,,,
3,0.30000000000000004,0.4,0,,,
4,0.4,0.5,0,,,
5,0.5,0.6000000000000001,0,,,
6,0.6000000000000001,0.7000000000000001,0,,,
7,0.7000000000000001,0.8,0,,,
8,0.8,0.9,0,,,
9,0.9,1.0,0,,,
