{
  "created_at": "2026-06-09T10:50:22.983314+00:00",
  "records": [
    "runs/freegpu-triviaqa1000-microsoft_Phi-3.5-mini-instruct-answermean/records_answer_mean.jsonl"
  ],
  "out_dir": "runs/freegpu-triviaqa1000-microsoft_Phi-3.5-mini-instruct-answermean/ablation_analysis_unweighted",
  "split_mode": "record",
  "bins": 10,
  "weighted": false,
  "results": [
    {
      "hidden_state_method": "answer_mean",
      "hidden_state_layer": "-1",
      "n_records": 1000,
      "n_train": 650,
      "n_validation": 150,
      "n_test": 200,
      "positive_rate_all": 0.493,
      "positive_rate_test": 0.54,
      "test_has_two_classes": true,
      "split_mode": "record",
      "weighted": false,
      "calibration_split": "validation",
      "feature_count": 3072,
      "p_greater_than_n_train": true,
      "signals": {
        "raw_generation_confidence": {
          "accuracy_at_0_5": 0.565,
          "ece": 0.31685652318784696,
          "mce": 0.5677124346719619,
          "brier": 0.2891792605167781,
          "wrong_conf_ge_0_8": 44,
          "wrong_conf_ge_0_9": 17,
          "auc": 0.8514492753623188
        },
        "raw_temperature_scaled_confidence": {
          "accuracy_at_0_5": 0.565,
          "ece": 0.17592118109820712,
          "mce": 0.47531783190307236,
          "brier": 0.2118373368871139,
          "wrong_conf_ge_0_8": 0,
          "wrong_conf_ge_0_9": 0,
          "auc": 0.8514492753623188
        },
        "raw_platt_confidence": {
          "accuracy_at_0_5": 0.755,
          "ece": 0.11158697280549462,
          "mce": 0.19761598966843263,
          "brier": 0.17049778667642404,
          "wrong_conf_ge_0_8": 0,
          "wrong_conf_ge_0_9": 0,
          "auc": 0.8514492753623188
        },
        "raw_isotonic_confidence": {
          "accuracy_at_0_5": 0.74,
          "ece": 0.06381127819548872,
          "mce": 0.33333333333333337,
          "brier": 0.17676919204025102,
          "wrong_conf_ge_0_8": 2,
          "wrong_conf_ge_0_9": 2,
          "auc": 0.8041968599033816
        },
        "raw_platt_conservative_confidence": {
          "accuracy_at_0_5": 0.755,
          "ece": 0.11158697280549462,
          "mce": 0.19761598966843263,
          "brier": 0.17049778667642404,
          "wrong_conf_ge_0_8": 0,
          "wrong_conf_ge_0_9": 0,
          "auc": 0.8514492753623188
        },
        "raw_isotonic_conservative_confidence": {
          "accuracy_at_0_5": 0.74,
          "ece": 0.06351568612480278,
          "mce": 0.33333333333333337,
          "brier": 0.1766546752344967,
          "wrong_conf_ge_0_8": 2,
          "wrong_conf_ge_0_9": 2,
          "auc": 0.8073168276972624
        },
        "hidden_only_probe_confidence": {
          "accuracy_at_0_5": 0.73,
          "ece": 0.20403811772046737,
          "mce": 0.5881208343487638,
          "brier": 0.22059424683143994,
          "wrong_conf_ge_0_8": 16,
          "wrong_conf_ge_0_9": 13,
          "auc": 0.8073671497584541
        },
        "hidden_conservative_confidence": {
          "accuracy_at_0_5": 0.73,
          "ece": 0.15800723511977768,
          "mce": 0.300634126674478,
          "brier": 0.20161430224343418,
          "wrong_conf_ge_0_8": 11,
          "wrong_conf_ge_0_9": 3,
          "auc": 0.8307165861513688
        },
        "raw_plus_hidden_confidence": {
          "accuracy_at_0_5": 0.74,
          "ece": 0.19670362777437875,
          "mce": 0.35158076393077997,
          "brier": 0.2146717227357861,
          "wrong_conf_ge_0_8": 17,
          "wrong_conf_ge_0_9": 13,
          "auc": 0.813305152979066
        },
        "raw_plus_hidden_conservative_confidence": {
          "accuracy_at_0_5": 0.74,
          "ece": 0.16409714841866677,
          "mce": 0.35158076393077997,
          "brier": 0.19839036362077017,
          "wrong_conf_ge_0_8": 12,
          "wrong_conf_ge_0_9": 3,
          "auc": 0.8329307568438004
        },
        "probe_score_plus_raw_confidence": {
          "accuracy_at_0_5": 0.74,
          "ece": 0.1576641460558602,
          "mce": 0.3939861098519237,
          "brier": 0.20076141976599118,
          "wrong_conf_ge_0_8": 15,
          "wrong_conf_ge_0_9": 9,
          "auc": 0.8201489533011272
        }
      },
      "probe_models": {
        "hidden_only": {
          "type": "sklearn.linear_model.LogisticRegression",
          "C": 1.0,
          "class_weight": null,
          "solver": "lbfgs",
          "max_iter": 1000
        },
        "raw_plus_hidden": {
          "type": "sklearn.linear_model.LogisticRegression",
          "C": 1.0,
          "class_weight": null,
          "solver": "lbfgs",
          "max_iter": 1000
        },
        "probe_score_plus_raw": {
          "type": "sklearn.linear_model.LogisticRegression",
          "C": 1.0,
          "class_weight": null,
          "solver": "lbfgs",
          "max_iter": 1000
        }
      }
    }
  ],
  "errors": [],
  "claim_boundary": "Ablation diagnostics for TCL-v0 only. These do not validate full TCL."
}