bin,low,high,count,accuracy,confidence,gap
0,0.0,0.1,0,,,
1,0.1,0.2,0,,,
2,0.2,0.3,25,0.52,0.256,0.264
3,0.3,0.4,0,,,
4,0.4,0.5,0,,,
5,0.5,0.6,32,0.6875,0.5,0.1875
6,0.6,0.7,0,,,
7,0.7,0.8,49,0.6530612244897959,0.75,0.09693877551020413
8,0.8,0.9,45,0.8,0.8157894736842105,0.015789473684210464
9,0.9,1.0,49,0.9183673469387755,0.9551020408163264,0.036734693877550906
