bin,low,high,count,accuracy,confidence,gap
0,0.0,0.1,0,,,
1,0.1,0.2,0,,,
2,0.2,0.30000000000000004,0,,,
3,0.30000000000000004,0.4,2,0.0,0.38939504559667193,0.38939504559667193
4,0.4,0.5,56,0.05357142857142857,0.4586116788840133,0.4050402503125847
5,0.5,0.6000000000000001,40,0.075,0.5426990047748543,0.4676990047748543
6,0.6000000000000001,0.7000000000000001,2,0.0,0.606279477777173,0.606279477777173
7,0.7000000000000001,0.8,0,,,
8,0.8,0.9,0,,,
9,0.9,1.0,0,,,
