bin,low,high,count,accuracy,confidence,gap
0,0.0,0.1,0,,,
1,0.1,0.2,0,,,
2,0.2,0.3,0,,,
3,0.3,0.4,0,,,
4,0.4,0.5,5,0.0,0.47531783190307236,0.47531783190307236
5,0.5,0.6,82,0.2926829268292683,0.5607065312911659,0.2680236044618976
6,0.6,0.7,71,0.676056338028169,0.6416316666255543,0.03442467140261474
7,0.7,0.8,21,0.9047619047619048,0.748907242758268,0.15585466200363673
8,0.8,0.9,19,1.0,0.8440143680265108,0.15598563197348925
9,0.9,1.0,2,1.0,0.9255575424539276,0.07444245754607237
