{
  "n_test": 100,
  "auto_positive_count": 26,
  "reviewed_positive_count": 23,
  "label_changes": 3,
  "signals": {
    "raw_generation_confidence": {
      "accuracy_at_0_5": 0.63,
      "ece": 0.2792790880275095,
      "mce": 0.3537345594727081,
      "brier": 0.2106827837574244,
      "wrong_conf_ge_0_8": 0,
      "wrong_conf_ge_0_9": 0
    },
    "tcl_v0_probe_confidence": {
      "accuracy_at_0_5": 0.83,
      "ece": 0.15681351042284047,
      "mce": 0.4511189155542388,
      "brier": 0.16216053330855892,
      "wrong_conf_ge_0_8": 5,
      "wrong_conf_ge_0_9": 5
    },
    "tcl_v0_conservative_confidence": {
      "accuracy_at_0_5": 0.83,
      "ece": 0.1020861111387348,
      "mce": 0.24272014623284097,
      "brier": 0.14129628531664826,
      "wrong_conf_ge_0_8": 0,
      "wrong_conf_ge_0_9": 0
    },
    "tcl_v0_calibrated_confidence": {
      "accuracy_at_0_5": 0.71,
      "ece": 0.23393321505150522,
      "mce": 0.4097602100711069,
      "brier": 0.1909769149625902,
      "wrong_conf_ge_0_8": 2,
      "wrong_conf_ge_0_9": 0
    }
  },
  "claim_boundary": "These are reviewed-label test metrics for TCL-v0 diagnostics only; they do not validate full TCL."
}