bin,low,high,count,accuracy,confidence,gap
0,0.0,0.1,0,,,
1,0.1,0.2,0,,,
2,0.2,0.3,0,,,
3,0.3,0.4,0,,,
4,0.4,0.5,91,0.6593406593406593,0.4890148675091477,0.17032579183151164
5,0.5,0.6,109,0.6605504587155964,0.5116244627712317,0.14892599594436462
6,0.6,0.7,0,,,
7,0.7,0.8,0,,,
8,0.8,0.9,0,,,
9,0.9,1.0,0,,,
