bin,low,high,count,accuracy,confidence,gap
0,0.0,0.1,0,,,
1,0.1,0.2,0,,,
2,0.2,0.3,0,,,
3,0.3,0.4,0,,,
4,0.4,0.5,0,,,
5,0.5,0.6,0,,,
6,0.6,0.7,1,1.0,0.6821010384365855,0.31789896156341446
7,0.7,0.8,15,0.6,0.769669201306517,0.16966920130651697
8,0.8,0.9,83,0.6506024096385542,0.856946791039958,0.20634438140140376
9,0.9,1.0,101,0.6732673267326733,0.9485762928646446,0.2753089661319713
