bin,low,high,count,accuracy,confidence,gap
0,0.0,0.1,8,0.375,0.01920123709573785,0.35579876290426216
1,0.1,0.2,0,,,
2,0.2,0.30000000000000004,0,,,
3,0.30000000000000004,0.4,0,,,
4,0.4,0.5,0,,,
5,0.5,0.6000000000000001,0,,,
6,0.6000000000000001,0.7000000000000001,1,1.0,0.6796468843499215,0.3203531156500785
7,0.7000000000000001,0.8,1,0.0,0.7295678510563802,0.7295678510563802
8,0.8,0.9,0,,,
9,0.9,1.0,10,0.8,0.9778306517028372,0.17783065170283718
